{"sample": {"shape": [2, 128, 256], "sample_index": 0, "token_index": 0, "token_id": 9285, "vector_len": 256, "vector": [1.470386028289795, -0.24940699338912964, -0.880856990814209, 0.3982749879360199, 0.7822420001029968, -0.30833300948143005, 0.7863720059394836, -0.8328890204429626, 0.6810759902000427, 0.41951900720596313, -0.7680789828300476, 0.6487209796905518, 0.7158660292625427, 1.1199079751968384, -1.1380079984664917, 1.555582046508789, 0.4375329911708832, -1.3343249559402466, -1.017657995223999, 0.5895059704780579, 2.0374159812927246, 0.24708500504493713, -2.0010249614715576, -0.3189080059528351, 0.6551979780197144, -1.104377031326294, -0.8671960234642029, -0.5607309937477112, 1.7147020101547241, -0.3286139965057373, 0.7148370146751404, -0.06318999826908112, 0.14690400660037994, 1.1387900114059448, 0.9653059840202332, 0.9018890261650085, -2.0889511108398438, -1.0692180395126343, 1.754202961921692, 0.2739889919757843, 0.2764979898929596, 0.3444780111312866, -1.6863839626312256, -2.2673370838165283, 1.2362799644470215, 0.030773000791668892, -0.34140899777412415, -0.49808400869369507, 0.9464539885520935, 0.5194590091705322, 1.1103249788284302, 0.7610179781913757, 0.7101240158081055, 0.46904298663139343, -0.24271200597286224, -0.012245000340044498, 0.15155300498008728, -0.32555198669433594, 0.4844230115413666, 0.4940490126609802, 0.37358400225639343, 1.4805370569229126, -0.30351799726486206, -0.5979809761047363, -0.422232985496521, 0.5568519830703735, 0.9597390294075012, 0.022002000361680984, 1.5166800022125244, 1.7801909446716309, -1.6716699600219727, 0.18340900540351868, 0.017909999936819077, 0.011881999671459198, -1.242825984954834, -0.8612430095672607, -1.7913459539413452, 2.1334989070892334, -0.06430500000715256, -0.2648969888687134, -0.025714000687003136, 1.6878999471664429, -0.7571709752082825, -0.1684660017490387, 1.5401760339736938, 2.083034038543701, 0.3794110119342804, -1.9140169620513916, -1.2879680395126343, -1.983814001083374, 1.2746210098266602, 0.8230990171432495, 1.5028760433197021, 0.42199501395225525, 0.19607900083065033, 2.2591819763183594, -1.5249149799346924, -0.5852590203285217, 1.628430962562561, -1.7497040033340454, 1.061946988105774, -0.7588340044021606, 0.2150769978761673, 0.7026569843292236, 0.2955250144004822, -0.39962100982666016, -0.9326840043067932, -1.1404379606246948, 0.022386999800801277, -0.322845995426178, 1.8508399724960327, 0.5864819884300232, -2.150818109512329, 1.189007043838501, 1.0437639951705933, 2.3306119441986084, 0.6030570268630981, 0.9017469882965088, 0.5099239945411682, 0.607587993144989, 0.3893370032310486, 0.1481650024652481, 0.5542349815368652, -0.4163390100002289, -0.07756199687719345, 0.015434999950230122, -1.6665140390396118, -0.41174501180648804, -1.5040709972381592, 0.0518219992518425, 1.0975539684295654, 0.9269520044326782, -0.6867989897727966, 0.5324680209159851, 0.8516539931297302, 0.6408209800720215, -0.13902799785137177, 2.086642026901245, -0.021505000069737434, -0.6262180209159851, 1.1096479892730713, 0.6565390229225159, -0.2793729901313782, 2.309631109237671, 0.2250249981880188, -0.3299829959869385, 0.3855150043964386, -0.06248300150036812, -0.18986700475215912, -0.17259900271892548, -0.663565993309021, -0.33209899067878723, -0.6096709966659546, -0.1033800020813942, -1.177230954170227, -1.433732032775879, -1.408092975616455, 0.8130419850349426, 1.7121080160140991, -1.6847959756851196, 1.4645099639892578, 0.653223991394043, -0.11590299755334854, 0.23193900287151337, -0.03496599942445755, 0.9101259708404541, -0.9594709873199463, 0.5174310207366943, -0.4887939989566803, -0.8520140051841736, 0.5941979885101318, -0.41254401206970215, 1.6669670343399048, 0.6838870048522949, -1.5385559797286987, -1.2117270231246948, -0.821179986000061, -0.8499940037727356, 0.3105419874191284, 2.4607980251312256, -0.5309739708900452, -0.026820000261068344, -0.03915400058031082, -0.503525972366333, 0.08335699886083603, 0.82185298204422, 1.6148489713668823, -0.9810739755630493, -0.382081001996994, 0.43591800332069397, 0.14863400161266327, -0.1985280066728592, 0.7722439765930176, 0.8703910112380981, 0.6891239881515503, -0.5805299878120422, -0.10843300074338913, 0.48648399114608765, 0.38502299785614014, 0.1901720017194748, 1.0740959644317627, -1.252068042755127, -0.5723320245742798, 1.283413052558899, -1.6114850044250488, -0.3058919906616211, -0.4075869917869568, 1.75559401512146, 0.15653400123119354, -0.14608600735664368, -0.0032999999821186066, -0.408966988325119, -0.3034380078315735, -0.8157680034637451, -1.2839280366897583, 1.63530695438385, -0.08429600298404694, -1.4257609844207764, -2.13564395904541, -1.0746010541915894, -0.2906169891357422, 0.08036299794912338, 0.5430449843406677, 0.012985999695956707, -1.5130599737167358, -9.699999645818025e-05, -0.5899320244789124, 2.292588949203491, 0.7421990036964417, -0.1868550032377243, 0.2857060134410858, -0.7639210224151611, -0.3330569863319397, -0.5730419754981995, 0.286080002784729, 0.8707159757614136, 1.8710700273513794, -0.07873199880123138, 0.18462499976158142, 1.7930879592895508, 0.8452190160751343, 1.6238280534744263, -0.6200720071792603, 0.6363070011138916, 1.1626189947128296, -0.6817420125007629, 0.20639899373054504, 2.067121982574463, -0.3151549994945526, -1.059270977973938, 0.2208620011806488, 1.3914439678192139, -0.7672960162162781, -0.9243050217628479, -0.16306699812412262, -0.03403500095009804]}, "positioning": {"type": "rope", "rotary_dim": null}, "note": "Vector shows token embedding only; positional phase (RoPE) is applied to Q,K later in attention.", "formula": "E[i,t] = W_token[ids[i,t]]  (RoPE applied later in attention)"}