{"sample": {"shape": [2, 28, 256], "sample_index": 0, "token_index": 0, "token_id": 340, "vector_len": 256, "vector": [-0.9397159814834595, 1.1069040298461914, -0.08507999777793884, 1.0904220342636108, 0.7318800091743469, -0.06536299735307693, -2.360924005508423, 0.029861999675631523, 0.2705169916152954, 0.5007759928703308, -0.8615379929542542, -0.5418189764022827, 2.2347300052642822, -2.1073970794677734, -0.7300270199775696, 1.7581900358200073, 0.8491320013999939, 1.8928990364074707, 1.0127209424972534, 1.643481969833374, 0.9084920287132263, -0.9490500092506409, 0.7162690162658691, -0.6151819825172424, 1.018193006515503, -0.8123700022697449, -1.0815759897232056, 0.16419999301433563, 0.34527501463890076, 0.5314859747886658, 3.391530990600586, 1.315675973892212, 0.49737998843193054, -1.0865440368652344, -0.45004400610923767, 1.3793179988861084, -0.42672500014305115, -0.022752000018954277, 1.068701982498169, -0.4543670117855072, 1.3206490278244019, -0.04287299886345863, 0.36290401220321655, 1.240373969078064, -0.286408007144928, -0.15008899569511414, 0.07461299747228622, -0.7710009813308716, -0.7756339907646179, 0.9538840055465698, -0.7674450278282166, 0.07686799764633179, -0.3100079894065857, 2.3842570781707764, 0.2621150016784668, 0.1922910064458847, -2.4409029483795166, 0.1614300012588501, -0.185371994972229, 0.42882201075553894, -0.1534000039100647, -0.4784350097179413, -0.4447830021381378, -0.9943839907646179, -1.187412977218628, 0.2124669998884201, -0.4663279950618744, -0.1271039992570877, 0.31361401081085205, 1.2443530559539795, -0.7005490064620972, -0.3081530034542084, -1.2310080528259277, 0.4807949960231781, -0.6083120107650757, -0.4639509916305542, -0.6604599952697754, 0.30916300415992737, -0.9592310190200806, 0.16954000294208527, 0.2725380063056946, -0.4846689999103546, -0.058694999665021896, -0.5403739809989929, 1.111251950263977, 2.002131938934326, 1.298095941543579, -0.6241549849510193, 1.5915019512176514, 1.0832090377807617, -0.46413299441337585, 1.393017053604126, -1.026608943939209, -0.0019470000406727195, 0.4075489938259125, 0.9716299772262573, -1.8225940465927124, -0.8894060254096985, 0.6975740194320679, -1.3011510372161865, 0.18364399671554565, -0.28813299536705017, 1.0788969993591309, -1.1744060516357422, 1.0617690086364746, -1.653596043586731, 1.158790946006775, -0.21150200068950653, 1.716346025466919, -0.8687340021133423, -0.1217620000243187, -0.89410799741745, 0.3416540026664734, -0.5216400027275085, 1.4126060009002686, 1.195194959640503, -0.4970279932022095, -0.9075120091438293, 1.0187309980392456, -1.6924049854278564, 0.7574530243873596, -1.087717056274414, -0.4536699950695038, -0.5513219833374023, -1.2683019638061523, 1.1662429571151733, 1.0724719762802124, 0.8646609783172607, -0.1403989940881729, -1.419206976890564, 0.9165030121803284, -0.5429440140724182, -1.1791800260543823, 1.3315340280532837, 0.5848489999771118, -0.3670789897441864, 0.39936700463294983, 0.7664070129394531, 2.3497090339660645, -0.7186049818992615, -0.49191999435424805, -0.24901500344276428, 0.7612720131874084, 0.4208590090274811, 0.20492500066757202, -1.6341899633407593, 1.823989987373352, -1.7149970531463623, 1.1029770374298096, -0.10309399664402008, 2.2182960510253906, -0.7462599873542786, 1.3547990322113037, -0.04235700145363808, 0.30440598726272583, -0.31118300557136536, -0.42698198556900024, 0.29445499181747437, 0.28537601232528687, 0.10208900272846222, 1.2446540594100952, -0.9251899719238281, 0.8167539834976196, -0.4153270125389099, -1.6529849767684937, -0.21137399971485138, -0.2560819983482361, -0.7484019994735718, 0.3132160007953644, 0.21947899460792542, 0.2345149964094162, -0.4604310095310211, 0.7374759912490845, -0.21582099795341492, 0.4827840030193329, -0.18459300696849823, 1.005368947982788, 0.39587900042533875, 0.41495901346206665, 0.3045549988746643, -0.47622400522232056, 0.43683698773384094, 0.04282800108194351, -0.41124600172042847, 0.5322759747505188, -0.832082986831665, 0.6265619993209839, -1.011693000793457, 0.447501003742218, 1.1204309463500977, 0.6197450160980225, 0.9959480166435242, 0.9266579747200012, 0.36101698875427246, -1.0541919469833374, -0.256630003452301, 0.7597919702529907, 1.7090200185775757, 0.13708999752998352, -1.9867509603500366, 0.43525999784469604, 1.3928760290145874, 0.771685004234314, -1.0359760522842407, -0.13977299630641937, -0.520796000957489, -0.009936000220477581, 0.4983690083026886, -1.8752789497375488, -2.538301944732666, -0.6230350136756897, 0.13281600177288055, -1.1822880506515503, 1.2324810028076172, 0.14183099567890167, 0.36361899971961975, -0.24363699555397034, 0.23002900183200836, -0.35977301001548767, 1.541856050491333, 0.3272309899330139, -0.6063960194587708, -0.07442399859428406, -0.3638969957828522, 2.2423601150512695, 0.9660739898681641, -0.06851299852132797, -0.4658670127391815, -1.9148110151290894, -2.139967918395996, 1.2481640577316284, 0.5155979990959167, -1.1241129636764526, 0.7033309936523438, 0.9342749714851379, 1.8486360311508179, -0.6100890040397644, -1.3349779844284058, -1.0777230262756348, 0.6368370056152344, -0.1884250044822693, 0.47470200061798096, 1.5271029472351074, -0.7906720042228699, 2.040070056915283, 2.1688311100006104, 1.7034629583358765, -0.238973006606102, 1.2256230115890503, -0.324523001909256, 1.1325949430465698, 1.0528759956359863, -0.37404999136924744, 0.7929099798202515, -1.2567499876022339, 0.4253939986228943]}, "positioning": {"type": "rope", "rotary_dim": null}, "note": "Vector shows token embedding only; positional phase (RoPE) is applied to Q,K later in attention.", "formula": "E[i,t] = W_token[ids[i,t]]  (RoPE applied later in attention)"}