{"name": "transformer_out (pre_final_norm)", "dims": {"B": 2, "T": 28, "D": 256, "V": 51200}, "selection": {"sample_index": 0, "token_index": 0}, "vector": [0.1686081886291504, 1.0067970752716064, 0.7630407214164734, -0.0995069369673729, 0.9267019033432007, 1.0819631814956665, -2.2698545455932617, 0.3041780889034271, 0.8104093670845032, 0.9602504372596741, -0.5523917078971863, -0.38508325815200806, 0.7253108024597168, -2.408675193786621, -0.06280066817998886, 2.309461832046509, 1.0696351528167725, 1.0436335802078247, 0.31190434098243713, 2.1609044075012207, 1.7173961400985718, 0.16247303783893585, 0.37905237078666687, -0.11481468379497528, 0.8418266177177429, -0.5286397933959961, -1.4854075908660889, -1.012510895729065, -0.7839855551719666, 0.8222981691360474, 2.6735475063323975, 1.370224952697754, -0.7691099643707275, 0.422014981508255, -0.703999400138855, 1.1363285779953003, 1.0005006790161133, 0.396465539932251, 1.3302264213562012, -0.8467438817024231, 0.40909385681152344, -1.314338207244873, -0.7309909462928772, 0.16761724650859833, 0.12153328210115433, 0.1287742555141449, 0.10120401531457901, -1.8836679458618164, 0.2560068368911743, -0.21225708723068237, -0.9241588711738586, 0.9412214756011963, -0.015278859063982964, 0.8221849203109741, -0.29259371757507324, -0.5201046466827393, -1.9289400577545166, -0.8831534385681152, -0.0823231041431427, 0.3165673613548279, -0.27391254901885986, 0.23449572920799255, -0.8184055685997009, -1.0312565565109253, -1.0168602466583252, 0.16434748470783234, -0.33918341994285583, -0.3009839951992035, 0.6252309083938599, 0.4074547588825226, -1.4162484407424927, -0.8326954245567322, -0.35383129119873047, 0.6228735446929932, -0.6464913487434387, -0.2415686696767807, -0.5393151044845581, 0.08504864573478699, -0.38257476687431335, 0.1542751044034958, 0.06069781631231308, -1.3662729263305664, -1.5277460813522339, -0.9769870042800903, 0.9732030630111694, 1.000784993171692, 1.0895837545394897, -0.39147689938545227, 2.2498714923858643, 1.1347044706344604, -0.6117368340492249, 0.9761539697647095, -2.3570404052734375, -0.2085244208574295, 0.7065602540969849, 0.28360238671302795, -1.7978774309158325, -1.3592559099197388, 1.055444359779358, -1.0886156558990479, -0.5603086352348328, -1.488700270652771, 1.5401413440704346, -1.4549262523651123, 0.10505616664886475, -1.481632113456726, 0.6401020288467407, 0.5783976912498474, 0.842585027217865, -1.3421438932418823, 0.5556508898735046, -1.3038365840911865, 0.5981945395469666, -0.641259491443634, 0.8039537072181702, 0.7823085188865662, -0.1523410826921463, -0.26053884625434875, -0.285968542098999, -0.9702931642532349, -0.6369664669036865, -1.3090863227844238, -1.9940091371536255, -0.27837005257606506, -2.0621931552886963, 1.2367104291915894, 0.8330714106559753, 0.39108800888061523, -0.3725714683532715, -1.4572203159332275, 0.7887673377990723, -1.110060691833496, -1.4765788316726685, 1.0322301387786865, 0.5146817564964294, -0.22631259262561798, 0.43338629603385925, -0.1234920546412468, 2.295386552810669, -0.3124501705169678, -0.25655776262283325, -1.1977840662002563, -0.18615779280662537, 0.626788854598999, 0.5081344842910767, -1.4269272089004517, 0.21594356000423431, -0.5819135308265686, 0.41914623975753784, 0.06653112173080444, 0.7705079913139343, -1.119451642036438, 0.6728771924972534, -0.31439507007598877, 0.08891870081424713, 0.9655881524085999, -0.8413960933685303, 1.0542182922363281, 0.5348898768424988, -0.3845403790473938, 0.7417882084846497, -1.0948160886764526, 1.6328246593475342, -0.02762698009610176, -2.209446430206299, -0.8338702917098999, 0.03769589215517044, -1.0321012735366821, -0.7489603757858276, 0.15856696665287018, 1.0675075054168701, -0.6021634936332703, 0.1453239619731903, -0.9660489559173584, 0.48623624444007874, 0.021615590900182724, -0.6045325994491577, 0.8022014498710632, 0.350235253572464, 0.9961276650428772, -0.44834649562835693, -0.39170658588409424, -0.9740691184997559, -0.898944079875946, -0.6429064273834229, 0.1050335243344307, -0.163334921002388, 0.282745361328125, 0.541314959526062, 1.2041059732437134, 0.23865745961666107, 0.679432213306427, 0.7686200737953186, -0.4096841514110565, 0.3700907230377197, 0.4070031940937042, 0.9879793524742126, 0.869688093662262, -0.22502459585666656, -1.3368617296218872, -0.10669911652803421, 0.9833711385726929, 0.6001390814781189, -0.1638539582490921, -1.0544384717941284, 0.21961736679077148, -0.8275757431983948, 0.16075734794139862, -2.1967411041259766, -2.058012008666992, 0.21880902349948883, 1.7098335027694702, -0.4804593324661255, 0.6933426856994629, 0.48218345642089844, -0.4785604476928711, 0.4045519232749939, -1.161488652229309, -0.6232931017875671, 1.709782600402832, 1.437803864479065, -0.14061687886714935, -0.44295668601989746, -0.26155319809913635, 1.643032431602478, 1.8204642534255981, -0.7549924850463867, -0.7543856501579285, -1.649672269821167, -1.8618413209915161, 1.1906862258911133, 1.0135122537612915, -1.3877853155136108, 0.45181015133857727, 0.7249003052711487, 2.21024489402771, 0.8932549357414246, -0.7247299551963806, -1.9461861848831177, 0.4884300231933594, -0.6420508027076721, 1.41457998752594, 1.6336696147918701, -0.6096403002738953, 2.0247533321380615, 1.313528060913086, 1.2896913290023804, 1.0499067306518555, 0.764878511428833, -0.466347873210907, 0.4441927969455719, 0.5406991839408875, -1.1743123531341553, 1.1497509479522705, -0.9598375558853149, 0.3831254839897156]}