{"name": "final_norm", "dims": {"B": 2, "T": 28, "D": 256, "V": 51200}, "selection": {"sample_index": 0, "token_index": 0}, "vector": [0.1686078906059265, 1.0067951679229736, 0.7630392909049988, -0.09950672090053558, 0.9267001152038574, 1.0819611549377441, -2.269850254058838, 0.30417755246162415, 0.810407817363739, 0.960248589515686, -0.5523906350135803, -0.385082483291626, 0.725309431552887, -2.408670663833618, -0.06280051916837692, 2.309457540512085, 1.06963312625885, 1.0436315536499023, 0.31190377473831177, 2.160900354385376, 1.717392921447754, 0.16247275471687317, 0.37905168533325195, -0.11481443792581558, 0.841825008392334, -0.5286387801170349, -1.4854047298431396, -1.0125089883804321, -0.7839840650558472, 0.8222966194152832, 2.6735424995422363, 1.3702223300933838, -0.7691084742546082, 0.4220142066478729, -0.7039980292320251, 1.1363264322280884, 1.0004987716674805, 0.39646482467651367, 1.3302239179611206, -0.8467422723770142, 0.40909311175346375, -1.3143357038497925, -0.7309895753860474, 0.16761696338653564, 0.12153308093547821, 0.12877404689788818, 0.10120385140180588, -1.8836643695831299, 0.2560063898563385, -0.21225665509700775, -0.9241570830345154, 0.941219687461853, -0.015278802253305912, 0.82218337059021, -0.2925931215286255, -0.5201036334037781, -1.9289363622665405, -0.8831517696380615, -0.08232291787862778, 0.3165667951107025, -0.2739119827747345, 0.23449531197547913, -0.8184040188789368, -1.031254529953003, -1.0168583393096924, 0.16434720158576965, -0.3391827344894409, -0.30098339915275574, 0.6252297163009644, 0.4074540138244629, -1.416245698928833, -0.8326938152313232, -0.35383057594299316, 0.6228723526000977, -0.6464900970458984, -0.2415681779384613, -0.5393140912055969, 0.08504851162433624, -0.38257402181625366, 0.1542748361825943, 0.060697730630636215, -1.3662703037261963, -1.5277432203292847, -0.9769851565361023, 0.9732012152671814, 1.000783085823059, 1.0895817279815674, -0.3914761245250702, 2.2498672008514404, 1.1347023248672485, -0.6117356419563293, 0.9761521220207214, -2.3570358753204346, -0.20852398872375488, 0.706558883190155, 0.28360188007354736, -1.7978739738464355, -1.3592532873153687, 1.0554423332214355, -1.0886136293411255, -0.5603075623512268, -1.4886974096298218, 1.5401383638381958, -1.4549235105514526, 0.10505599528551102, -1.4816292524337769, 0.6401008367538452, 0.5783965587615967, 0.842583417892456, -1.3421413898468018, 0.5556498169898987, -1.303834080696106, 0.5981934070587158, -0.6412582397460938, 0.803952157497406, 0.7823070287704468, -0.15234076976776123, -0.2605383098125458, -0.28596797585487366, -0.9702913165092468, -0.636965274810791, -1.3090838193893433, -1.9940053224563599, -0.2783694863319397, -2.0621893405914307, 1.2367080450057983, 0.8330698013305664, 0.39108729362487793, -0.3725707232952118, -1.4572175741195679, 0.7887658476829529, -1.1100585460662842, -1.4765759706497192, 1.0322281122207642, 0.514680802822113, -0.22631213068962097, 0.4333854913711548, -0.1234917864203453, 2.295382261276245, -0.31244954466819763, -0.25655725598335266, -1.1977818012237549, -0.18615740537643433, 0.6267876625061035, 0.5081335306167603, -1.426924467086792, 0.21594317257404327, -0.5819123983383179, 0.41914546489715576, 0.06653102487325668, 0.7705065011978149, -1.119449496269226, 0.6728758811950684, -0.31439444422721863, 0.08891855925321579, 0.9655863046646118, -0.8413944840431213, 1.0542162656784058, 0.5348888635635376, -0.3845396041870117, 0.741786777973175, -1.0948139429092407, 1.6328215599060059, -0.027626900002360344, -2.209442138671875, -0.833868682384491, 0.03769585117697716, -1.0320992469787598, -0.748958945274353, 0.1585666984319687, 1.0675054788589478, -0.6021623611450195, 0.14532370865345, -0.9660471081733704, 0.4862353503704071, 0.02161557786166668, -0.604531466960907, 0.8021999001502991, 0.35023462772369385, 0.9961257576942444, -0.4483456015586853, -0.39170581102371216, -0.9740672707557678, -0.8989423513412476, -0.6429051756858826, 0.10503335297107697, -0.16333457827568054, 0.2827448546886444, 0.5413139462471008, 1.204103708267212, 0.23865702748298645, 0.6794309020042419, 0.7686185836791992, -0.40968334674835205, 0.3700900375843048, 0.40700244903564453, 0.9879774451255798, 0.8696864247322083, -0.22502413392066956, -1.3368592262268066, -0.1066988855600357, 0.9833692908287048, 0.6001379489898682, -0.16385361552238464, -1.054436445236206, 0.21961697936058044, -0.8275741934776306, 0.16075706481933594, -2.1967368125915527, -2.0580081939697266, 0.2188086360692978, 1.7098302841186523, -0.4804583787918091, 0.6933413743972778, 0.4821825623512268, -0.4785594940185547, 0.4045511782169342, -1.1614863872528076, -0.6232919096946716, 1.7097793817520142, 1.4378011226654053, -0.14061658084392548, -0.4429558217525482, -0.2615526616573334, 1.6430293321609497, 1.8204607963562012, -0.7549910545349121, -0.7543842196464539, -1.6496691703796387, -1.8618377447128296, 1.1906839609146118, 1.0135103464126587, -1.3877826929092407, 0.4518093168735504, 0.7248989343643188, 2.210240602493286, 0.8932532072067261, -0.7247285842895508, -1.9461824893951416, 0.48842912912368774, -0.6420495510101318, 1.4145772457122803, 1.6336665153503418, -0.6096391081809998, 2.024749517440796, 1.3135255575180054, 1.2896888256072998, 1.049904704093933, 0.7648770809173584, -0.46634694933891296, 0.44419199228286743, 0.5406981706619263, -1.1743100881576538, 1.1497488021850586, -0.9598357081413269, 0.38312476873397827]}